INSERT INTO antivirus(id,nombre)
VALUES
(1,'Avast'),
(2,'Eset EndPoint Antivirus'),
(3,'Norton'),
(4,'AVG'),
(5,'McAffe');

INSERT INTO os(id,nombre)
VALUES
(1,'Windows 7'),
(2,'Windows 8'),
(3,'Windows 10'),
(4,'Windows 11'),
(5,'macOS');

INSERT INTO office(id,nombre)
VALUES
(1,'Microsoft Office 2010'),
(2,'Microsoft Office 2013'),
(3,'Microsoft Office 2016'),
(4,'Microsoft Office 2021'),
(5,'Microsoft Office 365');

INSERT INTO tecnologia_ram(id,nombre_tecnologia)
VALUES
(1,'DDR3'),
(2,'DDR4');

INSERT INTO tecnologia_almacenamiento(id,nombre_tecnologia)
VALUES
(1,'HDD'),
(2,'SSD');

INSERT INTO departamento(departamento_id,nombre)
VALUES
(1,'Sistemas'),
(2,'Recursos Humanos'),
(3,'Mantenimiento'),
(4,'Concierge'),
(5,'Almacén');

INSERT INTO empleado(departamento_id,empleado_id,apellido_materno,apellido_paterno,nombre)
VALUES
(1,1,'Luna','Aguilar','Cristian'),
(2,2,'Romero','Garcia','Alitzel'),
(3,3,'Perez','Lopez','Juan'),
(4,4,'Garcia','Cortes','Benito'),
(5,5,'Guzman','Torres','Benjamin');


INSERT INTO dispositivo (id, folio, marca, modelo, serie, estado, descripcion, tipo_dispositivo)
VALUES
(1, 10000, 'Samsung', 'Galaxy S21', 'SERIE10000', 'Bueno', 'Smartphone Samsung', 'Celular'),
(2, 10001, 'Apple', 'iPhone 12', 'SERIE10001', 'Regular', 'iPhone de segunda mano', 'Celular'),
(3, 10002, 'Xiaomi', 'Mi 11', 'SERIE10002', 'Malo', 'Smartphone Xiaomi', 'Celular'),
(4, 10003, 'OnePlus', 'OnePlus 9', 'SERIE10003', 'Bueno', 'Smartphone OnePlus', 'Celular'),
(5, 10004, 'Google', 'Pixel 5', 'SERIE10004', 'Regular', 'Google Pixel de segunda mano', 'Celular'),
(6, 10005, 'Samsung', 'Galaxy S21', 'SERIE10005', 'Malo', 'Smartphone Samsung', 'Celular'),
(7, 10006, 'Apple', 'iPhone 12', 'SERIE10006', 'Bueno', 'iPhone de segunda mano', 'Celular'),
(8, 10007, 'Xiaomi', 'Mi 11', 'SERIE10007', 'Regular', 'Smartphone Xiaomi', 'Celular'),
(9, 10008, 'OnePlus', 'OnePlus 9', 'SERIE10008', 'Malo', 'Smartphone OnePlus', 'Celular'),
(10, 10009, 'Google', 'Pixel 5', 'SERIE10009', 'Bueno', 'Google Pixel de segunda mano', 'Celular'),
(11, 10010, 'Samsung', 'Galaxy S21', 'SERIE10010', 'Regular', 'Smartphone Samsung', 'Celular'),
(12, 10011, 'Apple', 'iPhone 12', 'SERIE10011', 'Malo', 'iPhone de segunda mano', 'Celular'),
(13, 10012, 'Xiaomi', 'Mi 11', 'SERIE10012', 'Bueno', 'Smartphone Xiaomi', 'Celular'),
(14, 10013, 'OnePlus', 'OnePlus 9', 'SERIE10013', 'Regular', 'Smartphone OnePlus', 'Celular'),
(15, 10014, 'Google', 'Pixel 5', 'SERIE10014', 'Malo', 'Google Pixel de segunda mano', 'Celular'),
(16, 10015, 'Samsung', 'Galaxy S21', 'SERIE10015', 'Bueno', 'Smartphone Samsung', 'Celular'),
(17, 10016, 'Apple', 'iPhone 12', 'SERIE10016', 'Regular', 'iPhone de segunda mano', 'Celular'),
(18, 10017, 'Xiaomi', 'Mi 11', 'SERIE10017', 'Malo', 'Smartphone Xiaomi', 'Celular'),
(19, 10018, 'OnePlus', 'OnePlus 9', 'SERIE10018', 'Bueno', 'Smartphone OnePlus', 'Celular'),
(20, 10019, 'Google', 'Pixel 5', 'SERIE10019', 'Regular', 'Google Pixel de segunda mano', 'Celular'),
(21, 10020, 'Samsung', 'Galaxy S21', 'SERIE10020', 'Malo', 'Smartphone Samsung', 'Celular'),
(22, 10021, 'Apple', 'iPhone 12', 'SERIE10021', 'Bueno', 'iPhone de segunda mano', 'Celular'),
(23, 10022, 'Xiaomi', 'Mi 11', 'SERIE10022', 'Regular', 'Smartphone Xiaomi', 'Celular'),
(24, 10023, 'OnePlus', 'OnePlus 9', 'SERIE10023', 'Malo', 'Smartphone OnePlus', 'Celular'),
(25, 10024, 'Google', 'Pixel 5', 'SERIE10024', 'Bueno', 'Google Pixel de segunda mano', 'Celular'),
(26, 10025, 'Samsung', 'Galaxy S21', 'SERIE10025', 'Regular', 'Smartphone Samsung', 'Celular'),
(27, 10026, 'Apple', 'iPhone 12', 'SERIE10026', 'Malo', 'iPhone de segunda mano', 'Celular'),
(28, 10027, 'Xiaomi', 'Mi 11', 'SERIE10027', 'Bueno', 'Smartphone Xiaomi', 'Celular'),
(29, 10028, 'OnePlus', 'OnePlus 9', 'SERIE10028', 'Regular', 'Smartphone OnePlus', 'Celular'),
(30, 10029, 'Google', 'Pixel 5', 'SERIE10029', 'Malo', 'Google Pixel de segunda mano', 'Celular'),
(31, 10030, 'Samsung', 'Galaxy S21', 'SERIE10030', 'Bueno', 'Smartphone Samsung', 'Celular'),
(32, 10031, 'Apple', 'iPhone 12', 'SERIE10031', 'Regular', 'iPhone de segunda mano', 'Celular'),
(33, 10032, 'Xiaomi', 'Mi 11', 'SERIE10032', 'Malo', 'Smartphone Xiaomi', 'Celular'),
(34, 10033, 'OnePlus', 'OnePlus 9', 'SERIE10033', 'Bueno', 'Smartphone OnePlus', 'Celular'),
(35, 10034, 'Google', 'Pixel 5', 'SERIE10034', 'Regular', 'Google Pixel de segunda mano', 'Celular'),
(36, 10035, 'Samsung', 'Galaxy S21', 'SERIE10035', 'Malo', 'Smartphone Samsung', 'Celular'),
(37, 10036, 'Apple', 'iPhone 12', 'SERIE10036', 'Bueno', 'iPhone de segunda mano', 'Celular'),
(38, 10037, 'Xiaomi', 'Mi 11', 'SERIE10037', 'Regular', 'Smartphone Xiaomi', 'Celular'),
(39, 10038, 'OnePlus', 'OnePlus 9', 'SERIE10038', 'Malo', 'Smartphone OnePlus', 'Celular'),
(40, 10039, 'Google', 'Pixel 5', 'SERIE10039', 'Bueno', 'Google Pixel de segunda mano', 'Celular'),
(41, 10040, 'Samsung', 'Galaxy S21', 'SERIE10040', 'Regular', 'Smartphone Samsung', 'Celular'),
(42, 10041, 'Apple', 'iPhone 12', 'SERIE10041', 'Malo', 'iPhone de segunda mano', 'Celular'),
(43, 10042, 'Xiaomi', 'Mi 11', 'SERIE10042', 'Bueno', 'Smartphone Xiaomi', 'Celular'),
(44, 10043, 'OnePlus', 'OnePlus 9', 'SERIE10043', 'Regular', 'Smartphone OnePlus', 'Celular'),
(45, 10044, 'Google', 'Pixel 5', 'SERIE10044', 'Malo', 'Google Pixel de segunda mano', 'Celular'),
(46, 10045, 'Samsung', 'Galaxy S21', 'SERIE10045', 'Bueno', 'Smartphone Samsung', 'Celular'),
(47, 10046, 'Apple', 'iPhone 12', 'SERIE10046', 'Regular', 'iPhone de segunda mano', 'Celular'),
(48, 10047, 'Xiaomi', 'Mi 11', 'SERIE10047', 'Malo', 'Smartphone Xiaomi', 'Celular'),
(49, 10048, 'OnePlus', 'OnePlus 9', 'SERIE10048', 'Bueno', 'Smartphone OnePlus', 'Celular'),
(50, 10049, 'Google', 'Pixel 5', 'SERIE10049', 'Regular', 'Google Pixel de segunda mano', 'Celular');

INSERT INTO celular (id, capacidad_disco, ram, empleado_empleado_id)
VALUES
(1, 128, 16, 1),
(2, 256, 8, 2),
(3, 128, 12, 3),
(4, 256, 32, 4),
(5, 64, 8, 5),
(6, 128, 16, 1),
(7, 256, 8, 2),
(8, 128, 12, 3),
(9, 256, 32, 4),
(10, 64, 8, 5),
(11, 128, 16, 1),
(12, 256, 8, 2),
(13, 128, 12, 3),
(14, 256, 32, 4),
(15, 64, 8, 5),
(16, 128, 16, 1),
(17, 256, 8, 2),
(18, 128, 12, 3),
(19, 256, 32, 4),
(20, 64, 8, 5),
(21, 128, 16, 1),
(22, 256, 8, 2),
(23, 128, 12, 3),
(24, 256, 32, 4),
(25, 64, 8, 5),
(26, 128, 16, 1),
(27, 256, 8, 2),
(28, 128, 12, 3),
(29, 256, 32, 4),
(30, 64, 8, 5),
(31, 128, 16, 1),
(32, 256, 8, 2),
(33, 128, 12, 3),
(34, 256, 32, 4),
(35, 64, 8, 5),
(36, 128, 16, 1),
(37, 256, 8, 2),
(38, 128, 12, 3),
(39, 256, 32, 4),
(40, 64, 8, 5),
(41, 128, 16, 1),
(42, 256, 8, 2),
(43, 128, 12, 3),
(44, 256, 32, 4),
(45, 64, 8, 5),
(46, 128, 16, 1),
(47, 256, 8, 2),
(48, 128, 12, 3),
(49, 256, 32, 4),
(50, 64, 8, 5);

-- Insertar datos con los estados cambiados por Bueno, Regular y Malo
INSERT INTO dispositivo (id, folio, marca, modelo, serie, estado, descripcion, tipo_dispositivo)
VALUES
(200, 10300, 'HP', 'LaserJet Pro', 'SERIE10300', 'Bueno', 'Impresora LaserJet Pro de alta velocidad', 'Impresora'),
(201, 10301, 'Canon', 'PIXMA', 'SERIE10301', 'Regular', 'Impresora Canon PIXMA en buen estado', 'Impresora'),
(202, 10302, 'Brother', 'HL-L2350DW', 'SERIE10302', 'Malo', 'Impresora Brother HL-L2350DW con piezas reemplazadas', 'Impresora'),
(203, 10303, 'Epson', 'EcoTank', 'SERIE10303', 'Bueno', 'Impresora Epson EcoTank con tinta recargable', 'Impresora'),
(204, 10304, 'Samsung', 'Xpress', 'SERIE10304', 'Regular', 'Impresora Samsung Xpress en buen estado', 'Impresora'),
(205, 10305, 'HP', 'DeskJet', 'SERIE10305', 'Malo', 'Impresora HP DeskJet con cabezales nuevos', 'Impresora'),
(206, 10306, 'Canon', 'i-SENSYS', 'SERIE10306', 'Bueno', 'Impresora Canon i-SENSYS con alta resolución', 'Impresora'),
(207, 10307, 'Brother', 'DCP-L2550DW', 'SERIE10307', 'Regular', 'Impresora Brother DCP-L2550DW en buen estado', 'Impresora'),
(208, 10308, 'Epson', 'WorkForce', 'SERIE10308', 'Malo', 'Impresora Epson WorkForce con cabezales nuevos', 'Impresora'),
(209, 10309, 'Samsung', 'MultiXpress', 'SERIE10309', 'Bueno', 'Impresora Samsung MultiXpress de alta capacidad', 'Impresora'),
(210, 10310, 'HP', 'OfficeJet', 'SERIE10310', 'Regular', 'Impresora HP OfficeJet en buen estado', 'Impresora'),
(211, 10311, 'Canon', 'MAXIFY', 'SERIE10311', 'Malo', 'Impresora Canon MAXIFY con cabezales nuevos', 'Impresora'),
(212, 10312, 'Brother', 'MFC-L2710DW', 'SERIE10312', 'Bueno', 'Impresora Brother MFC-L2710DW con fax', 'Impresora'),
(213, 10313, 'Epson', 'Expression', 'SERIE10313', 'Regular', 'Impresora Epson Expression en buen estado', 'Impresora'),
(214, 10314, 'Samsung', 'ProXpress', 'SERIE10314', 'Malo', 'Impresora Samsung ProXpress con piezas nuevas', 'Impresora'),
(215, 10315, 'HP', 'LaserJet Enterprise', 'SERIE10315', 'Bueno', 'Impresora HP LaserJet Enterprise de alta capacidad', 'Impresora'),
(216, 10316, 'Canon', 'imageCLASS', 'SERIE10316', 'Regular', 'Impresora Canon imageCLASS en buen estado', 'Impresora'),
(217, 10317, 'Brother', 'HL-L6200DW', 'SERIE10317', 'Malo', 'Impresora Brother HL-L6200DW con piezas nuevas', 'Impresora'),
(218, 10318, 'Epson', 'SureColor', 'SERIE10318', 'Bueno', 'Impresora Epson SureColor de alta resolución', 'Impresora'),
(219, 10319, 'Samsung', 'CLP-775ND', 'SERIE10319', 'Regular', 'Impresora Samsung CLP-775ND en buen estado', 'Impresora'),
(220, 10320, 'HP', 'Envy', 'SERIE10320', 'Malo', 'Impresora HP Envy con piezas nuevas', 'Impresora'),
(221, 10321, 'Canon', 'SELPHY', 'SERIE10321', 'Bueno', 'Impresora Canon SELPHY compacta', 'Impresora'),
(222, 10322, 'Brother', 'PT-D600', 'SERIE10322', 'Regular', 'Impresora Brother PT-D600 en buen estado', 'Impresora'),
(223, 10323, 'Epson', 'Stylus', 'SERIE10323', 'Malo', 'Impresora Epson Stylus con cabezales nuevos', 'Impresora'),
(224, 10324, 'Samsung', 'ML-5015ND', 'SERIE10324', 'Bueno', 'Impresora Samsung ML-5015ND de alta velocidad', 'Impresora'),
(225, 10325, 'HP', 'DesignJet', 'SERIE10325', 'Regular', 'Impresora HP DesignJet en buen estado', 'Impresora'),
(226, 10326, 'Canon', 'Color imageRUNNER', 'SERIE10326', 'Malo', 'Impresora Canon Color imageRUNNER con piezas nuevas', 'Impresora'),
(227, 10327, 'Brother', 'HL-L8360CDW', 'SERIE10327', 'Bueno', 'Impresora Brother HL-L8360CDW de alta resolución', 'Impresora'),
(228, 10328, 'Epson', 'SureLab', 'SERIE10328', 'Regular', 'Impresora Epson SureLab en buen estado', 'Impresora'),
(229, 10329, 'Samsung', 'SCX-3405FW', 'SERIE10329', 'Malo', 'Impresora Samsung SCX-3405FW con piezas nuevas', 'Impresora'),
(230, 10330, 'HP', 'LaserJet MFP', 'SERIE10330', 'Bueno', 'Impresora HP LaserJet MFP de alta capacidad', 'Impresora'),
(231, 10331, 'Canon', 'ImagePRESS', 'SERIE10331', 'Regular', 'Impresora Canon ImagePRESS en buen estado', 'Impresora'),
(232, 10332, 'Brother', 'HL-L9310CDW', 'SERIE10332', 'Malo', 'Impresora Brother HL-L9310CDW con piezas nuevas', 'Impresora'),
(233, 10333, 'Epson', 'SureColor P7000', 'SERIE10333', 'Bueno', 'Impresora Epson SureColor P7000 de alta resolución', 'Impresora'),
(234, 10334, 'Samsung', 'SL-M4070FR', 'SERIE10334', 'Regular', 'Impresora Samsung SL-M4070FR en buen estado', 'Impresora'),
(235, 10335, 'HP', 'LaserJet P2035', 'SERIE10335', 'Malo', 'Impresora HP LaserJet P2035 con piezas nuevas', 'Impresora'),
(236, 10336, 'Canon', 'ColorWave', 'SERIE10336', 'Bueno', 'Impresora Canon ColorWave de alta capacidad', 'Impresora'),
(237, 10337, 'Brother', 'DCP-J572DW', 'SERIE10337', 'Regular', 'Impresora Brother DCP-J572DW en buen estado', 'Impresora'),
(238, 10338, 'Epson', 'SureColor T3170', 'SERIE10338', 'Malo', 'Impresora Epson SureColor T3170 con piezas nuevas', 'Impresora'),
(239, 10339, 'Samsung', 'CLX-3305FW', 'SERIE10339', 'Bueno', 'Impresora Samsung CLX-3305FW de alta resolución', 'Impresora'),
(240, 10340, 'HP', 'LaserJet P1102w', 'SERIE10340', 'Regular', 'Impresora HP LaserJet P1102w en buen estado', 'Impresora'),
(241, 10341, 'Canon', 'Color imageCLASS', 'SERIE10341', 'Malo', 'Impresora Canon Color imageCLASS con piezas nuevas', 'Impresora'),
(242, 10342, 'Brother', 'HL-L3210CW', 'SERIE10342', 'Bueno', 'Impresora Brother HL-L3210CW de alta resolución', 'Impresora'),
(243, 10343, 'Epson', 'EcoTank L3150', 'SERIE10343', 'Regular', 'Impresora Epson EcoTank L3150 en buen estado', 'Impresora'),
(244, 10344, 'Samsung', 'ML-3710ND', 'SERIE10344', 'Malo', 'Impresora Samsung ML-3710ND con piezas nuevas', 'Impresora'),
(245, 10345, 'HP', 'Color LaserJet', 'SERIE10345', 'Bueno', 'Impresora HP Color LaserJet de alta capacidad', 'Impresora'),
(246, 10346, 'Canon', 'PIXMA TR8520', 'SERIE10346', 'Regular', 'Impresora Canon PIXMA TR8520 en buen estado', 'Impresora'),
(247, 10347, 'Brother', 'MFC-J995DW', 'SERIE10347', 'Malo', 'Impresora Brother MFC-J995DW con piezas nuevas', 'Impresora'),
(248, 10348, 'Epson', 'WorkForce Pro', 'SERIE10348', 'Bueno', 'Impresora Epson WorkForce Pro de alta capacidad', 'Impresora'),
(249, 10349, 'Samsung', 'SCX-4833FR', 'SERIE10349', 'Regular', 'Impresora Samsung SCX-4833FR en buen estado', 'Impresora');


INSERT INTO impresora (id, empleado_empleado_id)
VALUES
(200, 1),
(201, 2),
(202, 3),
(203, 4),
(204, 5),
(205, 1),
(206, 2),
(207, 3),
(208, 4),
(209, 5),
(210, 1),
(211, 2),
(212, 3),
(213, 4),
(214, 5),
(215, 1),
(216, 2),
(217, 3),
(218, 4),
(219, 5),
(220, 1),
(221, 2),
(222, 3),
(223, 4),
(224, 5),
(225, 1),
(226, 2),
(227, 3),
(228, 4),
(229, 5),
(230, 1),
(231, 2),
(232, 3),
(233, 4),
(234, 5),
(235, 1),
(236, 2),
(237, 3),
(238, 4),
(239, 5),
(240, 1),
(241, 2),
(242, 3),
(243, 4),
(244, 5),
(245, 1),
(246, 2),
(247, 3),
(248, 4),
(249, 5);

-- Datos de prueba para la tabla dispositivo con tipo iPad
INSERT INTO dispositivo (id, folio, marca, modelo, serie, estado, descripcion, tipo_dispositivo)
VALUES
(100, 10200, 'Apple', 'iPad Pro', 'SERIE10200', 'Bueno', 'iPad Pro de última generación', 'iPad'),
(101, 10201, 'Apple', 'iPad Air', 'SERIE10201', 'Regular', 'iPad Air en excelente estado', 'iPad'),
(102, 10202, 'Apple', 'iPad', 'SERIE10202', 'Malo', 'iPad con pantalla restaurada', 'iPad'),
(103, 10203, 'Apple', 'iPad Mini', 'SERIE10203', 'Bueno', 'iPad Mini de 8 pulgadas', 'iPad'),
(104, 10204, 'Apple', 'iPad Pro', 'SERIE10204', 'Regular', 'iPad Pro con desgaste mínimo', 'iPad'),
(105, 10205, 'Apple', 'iPad Air', 'SERIE10205', 'Bueno', 'iPad Air con pantalla retina', 'iPad'),
(106, 10206, 'Apple', 'iPad', 'SERIE10206', 'Regular', 'iPad con batería reemplazada', 'iPad'),
(107, 10207, 'Apple', 'iPad Mini', 'SERIE10207', 'Malo', 'iPad Mini con nueva placa base', 'iPad'),
(108, 10208, 'Apple', 'iPad Pro', 'SERIE10208', 'Bueno', 'iPad Pro de última generación', 'iPad'),
(109, 10209, 'Apple', 'iPad Air', 'SERIE10209', 'Regular', 'iPad Air en excelente estado', 'iPad'),
(110, 10210, 'Apple', 'iPad', 'SERIE10210', 'Malo', 'iPad con pantalla restaurada', 'iPad'),
(111, 10211, 'Apple', 'iPad Mini', 'SERIE10211', 'Bueno', 'iPad Mini de 8 pulgadas', 'iPad'),
(112, 10212, 'Apple', 'iPad Pro', 'SERIE10212', 'Regular', 'iPad Pro con desgaste mínimo', 'iPad'),
(113, 10213, 'Apple', 'iPad Air', 'SERIE10213', 'Bueno', 'iPad Air con pantalla retina', 'iPad'),
(114, 10214, 'Apple', 'iPad', 'SERIE10214', 'Regular', 'iPad con batería reemplazada', 'iPad'),
(115, 10215, 'Apple', 'iPad Mini', 'SERIE10215', 'Malo', 'iPad Mini con nueva placa base', 'iPad'),
(116, 10216, 'Apple', 'iPad Pro', 'SERIE10216', 'Bueno', 'iPad Pro de última generación', 'iPad'),
(117, 10217, 'Apple', 'iPad Air', 'SERIE10217', 'Regular', 'iPad Air en excelente estado', 'iPad'),
(118, 10218, 'Apple', 'iPad', 'SERIE10218', 'Malo', 'iPad con pantalla restaurada', 'iPad'),
(119, 10219, 'Apple', 'iPad Mini', 'SERIE10219', 'Bueno', 'iPad Mini de 8 pulgadas', 'iPad'),
(120, 10220, 'Apple', 'iPad Pro', 'SERIE10220', 'Regular', 'iPad Pro con desgaste mínimo', 'iPad'),
(121, 10221, 'Apple', 'iPad Air', 'SERIE10221', 'Bueno', 'iPad Air con pantalla retina', 'iPad'),
(122, 10222, 'Apple', 'iPad', 'SERIE10222', 'Regular', 'iPad con batería reemplazada', 'iPad'),
(123, 10223, 'Apple', 'iPad Mini', 'SERIE10223', 'Malo', 'iPad Mini con nueva placa base', 'iPad'),
(124, 10224, 'Apple', 'iPad Pro', 'SERIE10224', 'Bueno', 'iPad Pro de última generación', 'iPad'),
(125, 10225, 'Apple', 'iPad Air', 'SERIE10225', 'Regular', 'iPad Air en excelente estado', 'iPad'),
(126, 10226, 'Apple', 'iPad', 'SERIE10226', 'Malo', 'iPad con pantalla restaurada', 'iPad'),
(127, 10227, 'Apple', 'iPad Mini', 'SERIE10227', 'Bueno', 'iPad Mini de 8 pulgadas', 'iPad'),
(128, 10228, 'Apple', 'iPad Pro', 'SERIE10228', 'Regular', 'iPad Pro con desgaste mínimo', 'iPad'),
(129, 10229, 'Apple', 'iPad Air', 'SERIE10229', 'Bueno', 'iPad Air con pantalla retina', 'iPad'),
(130, 10230, 'Apple', 'iPad', 'SERIE10230', 'Regular', 'iPad con batería reemplazada', 'iPad'),
(131, 10231, 'Apple', 'iPad Mini', 'SERIE10231', 'Malo', 'iPad Mini con nueva placa base', 'iPad'),
(132, 10232, 'Apple', 'iPad Pro', 'SERIE10232', 'Bueno', 'iPad Pro de última generación', 'iPad'),
(133, 10233, 'Apple', 'iPad Air', 'SERIE10233', 'Regular', 'iPad Air en excelente estado', 'iPad'),
(134, 10234, 'Apple', 'iPad', 'SERIE10234', 'Malo', 'iPad con pantalla restaurada', 'iPad'),
(135, 10235, 'Apple', 'iPad Mini', 'SERIE10235', 'Bueno', 'iPad Mini de 8 pulgadas', 'iPad'),
(136, 10236, 'Apple', 'iPad Pro', 'SERIE10236', 'Regular', 'iPad Pro con desgaste mínimo', 'iPad'),
(137, 10237, 'Apple', 'iPad Air', 'SERIE10237', 'Bueno', 'iPad Air con pantalla retina', 'iPad'),
(138, 10238, 'Apple', 'iPad', 'SERIE10238', 'Regular', 'iPad con batería reemplazada', 'iPad'),
(139, 10239, 'Apple', 'iPad Mini', 'SERIE10239', 'Malo', 'iPad Mini con nueva placa base', 'iPad'),
(140, 10240, 'Apple', 'iPad Pro', 'SERIE10240', 'Bueno', 'iPad Pro de última generación', 'iPad'),
(141, 10241, 'Apple', 'iPad Air', 'SERIE10241', 'Regular', 'iPad Air en excelente estado', 'iPad'),
(142, 10242, 'Apple', 'iPad', 'SERIE10242', 'Malo', 'iPad con pantalla restaurada', 'iPad'),
(143, 10243, 'Apple', 'iPad Mini', 'SERIE10243', 'Bueno', 'iPad Mini de 8 pulgadas', 'iPad'),
(144, 10244, 'Apple', 'iPad Pro', 'SERIE10244', 'Regular', 'iPad Pro con desgaste mínimo', 'iPad'),
(145, 10245, 'Apple', 'iPad Air', 'SERIE10245', 'Bueno', 'iPad Air con pantalla retina', 'iPad'),
(146, 10246, 'Apple', 'iPad', 'SERIE10246', 'Regular', 'iPad con batería reemplazada', 'iPad'),
(147, 10247, 'Apple', 'iPad Mini', 'SERIE10247', 'Malo', 'iPad Mini con nueva placa base', 'iPad'),
(148, 10248, 'Apple', 'iPad Pro', 'SERIE10248', 'Bueno', 'iPad Pro de última generación', 'iPad'),
(149, 10249, 'Apple', 'iPad Air', 'SERIE10249', 'Regular', 'iPad Air en excelente estado', 'iPad'),
(150, 10250, 'Apple', 'iPad', 'SERIE10250', 'Malo', 'iPad con pantalla restaurada', 'iPad'),
(151, 10251, 'Apple', 'iPad Mini', 'SERIE10251', 'Bueno', 'iPad Mini de 8 pulgadas', 'iPad'),
(152, 10252, 'Apple', 'iPad Pro', 'SERIE10252', 'Regular', 'iPad Pro con desgaste mínimo', 'iPad'),
(153, 10253, 'Apple', 'iPad Air', 'SERIE10253', 'Bueno', 'iPad Air con pantalla retina', 'iPad'),
(154, 10254, 'Apple', 'iPad', 'SERIE10254', 'Regular', 'iPad con batería reemplazada', 'iPad'),
(155, 10255, 'Apple', 'iPad Mini', 'SERIE10255', 'Malo', 'iPad Mini con nueva placa base', 'iPad'),
(156, 10256, 'Apple', 'iPad Pro', 'SERIE10256', 'Bueno', 'iPad Pro de última generación', 'iPad'),
(157, 10257, 'Apple', 'iPad Air', 'SERIE10257', 'Regular', 'iPad Air en excelente estado', 'iPad'),
(158, 10258, 'Apple', 'iPad', 'SERIE10258', 'Malo', 'iPad con pantalla restaurada', 'iPad'),
(159, 10259, 'Apple', 'iPad Mini', 'SERIE10259', 'Bueno', 'iPad Mini de 8 pulgadas', 'iPad'),
(160, 10260, 'Apple', 'iPad Pro', 'SERIE10260', 'Regular', 'iPad Pro con desgaste mínimo', 'iPad'),
(161, 10261, 'Apple', 'iPad Air', 'SERIE10261', 'Bueno', 'iPad Air con pantalla retina', 'iPad'),
(162, 10262, 'Apple', 'iPad', 'SERIE10262', 'Regular', 'iPad con batería reemplazada', 'iPad'),
(163, 10263, 'Apple', 'iPad Mini', 'SERIE10263', 'Malo', 'iPad Mini con nueva placa base', 'iPad'),
(164, 10264, 'Apple', 'iPad Pro', 'SERIE10264', 'Bueno', 'iPad Pro de última generación', 'iPad'),
(165, 10265, 'Apple', 'iPad Air', 'SERIE10265', 'Regular', 'iPad Air en excelente estado', 'iPad'),
(166, 10266, 'Apple', 'iPad', 'SERIE10266', 'Malo', 'iPad con pantalla restaurada', 'iPad'),
(167, 10267, 'Apple', 'iPad Mini', 'SERIE10267', 'Bueno', 'iPad Mini de 8 pulgadas', 'iPad'),
(168, 10268, 'Apple', 'iPad Pro', 'SERIE10268', 'Regular', 'iPad Pro con desgaste mínimo', 'iPad'),
(169, 10269, 'Apple', 'iPad Air', 'SERIE10269', 'Bueno', 'iPad Air con pantalla retina', 'iPad'),
(170, 10270, 'Apple', 'iPad', 'SERIE10270', 'Regular', 'iPad con batería reemplazada', 'iPad'),
(171, 10271, 'Apple', 'iPad Mini', 'SERIE10271', 'Malo', 'iPad Mini con nueva placa base', 'iPad'),
(172, 10272, 'Apple', 'iPad Pro', 'SERIE10272', 'Bueno', 'iPad Pro de última generación', 'iPad'),
(173, 10273, 'Apple', 'iPad Air', 'SERIE10273', 'Regular', 'iPad Air en excelente estado', 'iPad'),
(174, 10274, 'Apple', 'iPad', 'SERIE10274', 'Malo', 'iPad con pantalla restaurada', 'iPad'),
(175, 10275, 'Apple', 'iPad Mini', 'SERIE10275', 'Bueno', 'iPad Mini de 8 pulgadas', 'iPad'),
(176, 10276, 'Apple', 'iPad Pro', 'SERIE10276', 'Regular', 'iPad Pro con desgaste mínimo', 'iPad'),
(177, 10277, 'Apple', 'iPad Air', 'SERIE10277', 'Bueno', 'iPad Air con pantalla retina', 'iPad'),
(178, 10278, 'Apple', 'iPad', 'SERIE10278', 'Regular', 'iPad con batería reemplazada', 'iPad'),
(179, 10279, 'Apple', 'iPad Mini', 'SERIE10279', 'Malo', 'iPad Mini con nueva placa base', 'iPad'),
(180, 10280, 'Apple', 'iPad Pro', 'SERIE10280', 'Bueno', 'iPad Pro de última generación', 'iPad'),
(181, 10281, 'Apple', 'iPad Air', 'SERIE10281', 'Regular', 'iPad Air en excelente estado', 'iPad'),
(182, 10282, 'Apple', 'iPad', 'SERIE10282', 'Malo', 'iPad con pantalla restaurada', 'iPad'),
(183, 10283, 'Apple', 'iPad Mini', 'SERIE10283', 'Bueno', 'iPad Mini de 8 pulgadas', 'iPad'),
(184, 10284, 'Apple', 'iPad Pro', 'SERIE10284', 'Regular', 'iPad Pro con desgaste mínimo', 'iPad'),
(185, 10285, 'Apple', 'iPad Air', 'SERIE10285', 'Bueno', 'iPad Air con pantalla retina', 'iPad'),
(186, 10286, 'Apple', 'iPad', 'SERIE10286', 'Regular', 'iPad con batería reemplazada', 'iPad'),
(187, 10287, 'Apple', 'iPad Mini', 'SERIE10287', 'Malo', 'iPad Mini con nueva placa base', 'iPad'),
(188, 10288, 'Apple', 'iPad Pro', 'SERIE10288', 'Bueno', 'iPad Pro de última generación', 'iPad'),
(189, 10289, 'Apple', 'iPad Air', 'SERIE10289', 'Regular', 'iPad Air en excelente estado', 'iPad'),
(190, 10290, 'Apple', 'iPad', 'SERIE10290', 'Malo', 'iPad con pantalla restaurada', 'iPad'),
(191, 10291, 'Apple', 'iPad Mini', 'SERIE10291', 'Bueno', 'iPad Mini de 8 pulgadas', 'iPad'),
(192, 10292, 'Apple', 'iPad Pro', 'SERIE10292', 'Regular', 'iPad Pro con desgaste mínimo', 'iPad'),
(193, 10293, 'Apple', 'iPad Air', 'SERIE10293', 'Bueno', 'iPad Air con pantalla retina', 'iPad'),
(194, 10294, 'Apple', 'iPad', 'SERIE10294', 'Regular', 'iPad con batería reemplazada', 'iPad'),
(195, 10295, 'Apple', 'iPad Mini', 'SERIE10295', 'Malo', 'iPad Mini con nueva placa base', 'iPad'),
(196, 10296, 'Apple', 'iPad Pro', 'SERIE10296', 'Bueno', 'iPad Pro de última generación', 'iPad'),
(197, 10297, 'Apple', 'iPad Air', 'SERIE10297', 'Regular', 'iPad Air en excelente estado', 'iPad'),
(198, 10298, 'Apple', 'iPad', 'SERIE10298', 'Malo', 'iPad con pantalla restaurada', 'iPad'),
(199, 10299, 'Apple', 'iPad Mini', 'SERIE10299', 'Bueno', 'iPad Mini de 8 pulgadas', 'iPad');

-- Datos de prueba para la tabla ipad
INSERT INTO ipad (id, capacidad_disco, ram, empleado_empleado_id)
VALUES
(100, 128, 4, 1),
(101, 64, 3, 2),
(102, 32, 2, 3),
(103, 128, 4, 4),
(104, 64, 3, 5),
(105, 32, 2, 1),
(106, 128, 4, 2),
(107, 64, 3, 3),
(108, 32, 2, 4),
(109, 128, 4, 5),
(110, 64, 3, 1),
(111, 32, 2, 2),
(112, 128, 4, 3),
(113, 64, 3, 4),
(114, 32, 2, 5),
(115, 128, 4, 1),
(116, 64, 3, 2),
(117, 32, 2, 3),
(118, 128, 4, 4),
(119, 64, 3, 5),
(120, 32, 2, 1),
(121, 128, 4, 2),
(122, 64, 3, 3),
(123, 32, 2, 4),
(124, 128, 4, 5),
(125, 64, 3, 1),
(126, 32, 2, 2),
(127, 128, 4, 3),
(128, 64, 3, 4),
(129, 32, 2, 5),
(130, 128, 4, 1),
(131, 64, 3, 2),
(132, 32, 2, 3),
(133, 128, 4, 4),
(134, 64, 3, 5),
(135, 32, 2, 1),
(136, 128, 4, 2),
(137, 64, 3, 3),
(138, 32, 2, 4),
(139, 128, 4, 5),
(140, 64, 3, 1),
(141, 32, 2, 2),
(142, 128, 4, 3),
(143, 64, 3, 4),
(144, 32, 2, 5),
(145, 128, 4, 1),
(146, 64, 3, 2),
(147, 32, 2, 3),
(148, 128, 4, 4),
(149, 64, 3, 5),
(150, 32, 2, 1),
(151, 128, 4, 2),
(152, 64, 3, 3),
(153, 32, 2, 4),
(154, 128, 4, 5),
(155, 64, 3, 1),
(156, 32, 2, 2),
(157, 128, 4, 3),
(158, 64, 3, 4),
(159, 32, 2, 5),
(160, 128, 4, 1),
(161, 64, 3, 2),
(162, 32, 2, 3),
(163, 128, 4, 4),
(164, 64, 3, 5),
(165, 32, 2, 1),
(166, 128, 4, 2),
(167, 64, 3, 3),
(168, 32, 2, 4),
(169, 128, 4, 5),
(170, 64, 3, 1),
(171, 32, 2, 2),
(172, 128, 4, 3),
(173, 64, 3, 4),
(174, 32, 2, 5),
(175, 128, 4, 1),
(176, 64, 3, 2),
(177, 32, 2, 3),
(178, 128, 4, 4),
(179, 64, 3, 5),
(180, 32, 2, 1),
(181, 128, 4, 2),
(182, 64, 3, 3),
(183, 32, 2, 4),
(184, 128, 4, 5),
(185, 64, 3, 1),
(186, 32, 2, 2),
(187, 128, 4, 3),
(188, 64, 3, 4),
(189, 32, 2, 5),
(190, 128, 4, 1),
(191, 64, 3, 2),
(192, 32, 2, 3),
(193, 128, 4, 4),
(194, 64, 3, 5),
(195, 32, 2, 1),
(196, 128, 4, 2),
(197, 64, 3, 3),
(198, 32, 2, 4),
(199, 128, 4, 5);


INSERT INTO dispositivo (id, folio, marca, modelo, serie, estado, descripcion, tipo_dispositivo)
VALUES
(300, 10500, 'Epson', 'MicroPrint M1', 'SERIE10500', 'Bueno', 'MicroImpresora Epson de alta precisión', 'MicroImpresora'),
(301, 10501, 'HP', 'MicroLaser M2', 'SERIE10501', 'Regular', 'MicroImpresora HP en buen estado', 'MicroImpresora'),
(302, 10502, 'Canon', 'MicroPIXMA M3', 'SERIE10502', 'Malo', 'MicroImpresora Canon con piezas reemplazadas', 'MicroImpresora'),
(303, 10503, 'Brother', 'MicroPrint B4', 'SERIE10503', 'Bueno', 'MicroImpresora Brother compacta', 'MicroImpresora'),
(304, 10504, 'Samsung', 'MicroXpress S5', 'SERIE10504', 'Regular', 'MicroImpresora Samsung en buen estado', 'MicroImpresora'),
(305, 10505, 'Epson', 'MicroPrint M6', 'SERIE10505', 'Malo', 'MicroImpresora Epson con piezas nuevas', 'MicroImpresora'),
(306, 10506, 'HP', 'MicroLaser M7', 'SERIE10506', 'Bueno', 'MicroImpresora HP de alta velocidad', 'MicroImpresora'),
(307, 10507, 'Canon', 'MicroPIXMA M8', 'SERIE10507', 'Regular', 'MicroImpresora Canon en buen estado', 'MicroImpresora'),
(308, 10508, 'Brother', 'MicroPrint B9', 'SERIE10508', 'Malo', 'MicroImpresoSra Brother con piezas nuevas', 'MicroImpresora'),
(309, 10509, 'Samsung', 'MicroXpress S10', 'SERIE10509', 'Bueno', 'MicroImpresora Samsung compacta', 'MicroImpresora'),
(310, 10510, 'Epson', 'MicroPrint M11', 'SERIE10510', 'Regular', 'MicroImpresora Epson en buen estado', 'MicroImpresora'),
(311, 10511, 'HP', 'MicroLaser M12', 'SERIE10511', 'Malo', 'MicroImpresora HP con piezas nuevas', 'MicroImpresora'),
(312, 10512, 'Canon', 'MicroPIXMA M13', 'SERIE10512', 'Bueno', 'MicroImpresora Canon de alta precisión', 'MicroImpresora'),
(313, 10513, 'Brother', 'MicroPrint B14', 'SERIE10513', 'Regular', 'MicroImpresora Brother en buen estado', 'MicroImpresora'),
(314, 10514, 'Samsung', 'MicroXpress S15', 'SERIE10514', 'Malo', 'MicroImpresora Samsung con piezas nuevas', 'MicroImpresora'),
(315, 10515, 'Epson', 'MicroPrint M16', 'SERIE10515', 'Bueno', 'MicroImpresora Epson de alta velocidad', 'MicroImpresora'),
(316, 10516, 'HP', 'MicroLaser M17', 'SERIE10516', 'Regular', 'MicroImpresora HP en buen estado', 'MicroImpresora'),
(317, 10517, 'Canon', 'MicroPIXMA M18', 'SERIE10517', 'Malo', 'MicroImpresora Canon con piezas nuevas', 'MicroImpresora'),
(318, 10518, 'Brother', 'MicroPrint B19', 'SERIE10518', 'Bueno', 'MicroImpresora Brother de alta precisión', 'MicroImpresora'),
(319, 10519, 'Samsung', 'MicroXpress S20', 'SERIE10519', 'Regular', 'MicroImpresora Samsung en buen estado', 'MicroImpresora'),
(320, 10520, 'Epson', 'MicroPrint M21', 'SERIE10520', 'Malo', 'MicroImpresora Epson con piezas nuevas', 'MicroImpresora'),
(321, 10521, 'HP', 'MicroLaser M22', 'SERIE10521', 'Bueno', 'MicroImpresora HP compacta', 'MicroImpresora'),
(322, 10522, 'Canon', 'MicroPIXMA M23', 'SERIE10522', 'Regular', 'MicroImpresora Canon en buen estado', 'MicroImpresora'),
(323, 10523, 'Brother', 'MicroPrint B24', 'SERIE10523', 'Malo', 'MicroImpresora Brother con piezas nuevas', 'MicroImpresora'),
(324, 10524, 'Samsung', 'MicroXpress S25', 'SERIE10524', 'Bueno', 'MicroImpresora Samsung de alta velocidad', 'MicroImpresora'),
(325, 10525, 'Epson', 'MicroPrint M26', 'SERIE10525', 'Regular', 'MicroImpresora Epson en buen estado', 'MicroImpresora'),
(326, 10526, 'HP', 'MicroLaser M27', 'SERIE10526', 'Malo', 'MicroImpresora HP con piezas nuevas', 'MicroImpresora'),
(327, 10527, 'Canon', 'MicroPIXMA M28', 'SERIE10527', 'Bueno', 'MicroImpresora Canon de alta precisión', 'MicroImpresora'),
(328, 10528, 'Brother', 'MicroPrint B29', 'SERIE10528', 'Regular', 'MicroImpresora Brother en buen estado', 'MicroImpresora'),
(329, 10529, 'Samsung', 'MicroXpress S30', 'SERIE10529', 'Malo', 'MicroImpresora Samsung con piezas nuevas', 'MicroImpresora');


INSERT INTO micro_impresora (id, empleado_empleado_id)
VALUES
(300, 1),
(301, 2),
(302, 3),
(303, 4),
(304, 5),
(305, 1),
(306, 2),
(307, 3),
(308, 4),
(309, 5),
(310, 1),
(311, 2),
(312, 3),
(313, 4),
(314, 5),
(315, 1),
(316, 2),
(317, 3),
(318, 4),
(319, 5),
(320, 1),
(321, 2),
(322, 3),
(323, 4),
(324, 5),
(325, 1),
(326, 2),
(327, 3),
(328, 4),
(329, 5);

INSERT INTO dispositivo (id, folio, marca, modelo, serie, estado, descripcion, tipo_dispositivo)
VALUES
(350, 10600, 'Samsung', 'UltraWide U1', 'SERIE10600', 'Bueno', 'Pantalla Samsung UltraWide de 34 pulgadas', 'Pantalla'),
(351, 10601, 'LG', 'OLED X2', 'SERIE10601', 'Regular', 'Pantalla LG OLED de 27 pulgadas', 'Pantalla'),
(352, 10602, 'Sony', 'Bravia B3', 'SERIE10602', 'Malo', 'Pantalla Sony Bravia de 32 pulgadas con piezas nuevas', 'Pantalla'),
(353, 10603, 'Dell', 'UltraSharp U4', 'SERIE10603', 'Bueno', 'Pantalla Dell UltraSharp de 24 pulgadas', 'Pantalla'),
(354, 10604, 'HP', 'Envy E5', 'SERIE10604', 'Regular', 'Pantalla HP Envy de 27 pulgadas', 'Pantalla'),
(355, 10605, 'Acer', 'Predator P6', 'SERIE10605', 'Malo', 'Pantalla Acer Predator de 32 pulgadas con piezas nuevas', 'Pantalla'),
(356, 10606, 'Asus', 'ROG Strix R7', 'SERIE10606', 'Bueno', 'Pantalla Asus ROG Strix de 24 pulgadas', 'Pantalla'),
(357, 10607, 'BenQ', 'PD3200U', 'SERIE10607', 'Regular', 'Pantalla BenQ de 32 pulgadas en buen estado', 'Pantalla'),
(358, 10608, 'Philips', 'Brilliance B8', 'SERIE10608', 'Malo', 'Pantalla Philips Brilliance de 27 pulgadas con piezas nuevas', 'Pantalla'),
(359, 10609, 'Samsung', 'UltraWide U9', 'SERIE10609', 'Bueno', 'Pantalla Samsung UltraWide de 34 pulgadas', 'Pantalla'),
(360, 10610, 'LG', 'OLED X10', 'SERIE10610', 'Regular', 'Pantalla LG OLED de 27 pulgadas', 'Pantalla'),
(361, 10611, 'Sony', 'Bravia B11', 'SERIE10611', 'Malo', 'Pantalla Sony Bravia de 32 pulgadas con piezas nuevas', 'Pantalla'),
(362, 10612, 'Dell', 'UltraSharp U12', 'SERIE10612', 'Bueno', 'Pantalla Dell UltraSharp de 24 pulgadas', 'Pantalla'),
(363, 10613, 'HP', 'Envy E13', 'SERIE10613', 'Regular', 'Pantalla HP Envy de 27 pulgadas', 'Pantalla'),
(364, 10614, 'Acer', 'Predator P14', 'SERIE10614', 'Malo', 'Pantalla Acer Predator de 32 pulgadas con piezas nuevas', 'Pantalla'),
(365, 10615, 'Asus', 'ROG Strix R15', 'SERIE10615', 'Bueno', 'Pantalla Asus ROG Strix de 24 pulgadas', 'Pantalla'),
(366, 10616, 'BenQ', 'PD3200U', 'SERIE10616', 'Regular', 'Pantalla BenQ de 32 pulgadas en buen estado', 'Pantalla'),
(367, 10617, 'Philips', 'Brilliance B17', 'SERIE10617', 'Malo', 'Pantalla Philips Brilliance de 27 pulgadas con piezas nuevas', 'Pantalla'),
(368, 10618, 'Samsung', 'UltraWide U18', 'SERIE10618', 'Bueno', 'Pantalla Samsung UltraWide de 34 pulgadas', 'Pantalla'),
(369, 10619, 'LG', 'OLED X19', 'SERIE10619', 'Regular', 'Pantalla LG OLED de 27 pulgadas', 'Pantalla'),
(370, 10620, 'Sony', 'Bravia B20', 'SERIE10620', 'Malo', 'Pantalla Sony Bravia de 32 pulgadas con piezas nuevas', 'Pantalla'),
(371, 10621, 'Dell', 'UltraSharp U21', 'SERIE10621', 'Bueno', 'Pantalla Dell UltraSharp de 24 pulgadas', 'Pantalla'),
(372, 10622, 'HP', 'Envy E22', 'SERIE10622', 'Regular', 'Pantalla HP Envy de 27 pulgadas', 'Pantalla'),
(373, 10623, 'Acer', 'Predator P23', 'SERIE10623', 'Malo', 'Pantalla Acer Predator de 32 pulgadas con piezas nuevas', 'Pantalla'),
(374, 10624, 'Asus', 'ROG Strix R24', 'SERIE10624', 'Bueno', 'Pantalla Asus ROG Strix de 24 pulgadas', 'Pantalla'),
(375, 10625, 'BenQ', 'PD3200U', 'SERIE10625', 'Regular', 'Pantalla BenQ de 32 pulgadas en buen estado', 'Pantalla'),
(376, 10626, 'Philips', 'Brilliance B26', 'SERIE10626', 'Malo', 'Pantalla Philips Brilliance de 27 pulgadas con piezas nuevas', 'Pantalla'),
(377, 10627, 'Samsung', 'UltraWide U27', 'SERIE10627', 'Bueno', 'Pantalla Samsung UltraWide de 34 pulgadas', 'Pantalla'),
(378, 10628, 'LG', 'OLED X28', 'SERIE10628', 'Regular', 'Pantalla LG OLED de 27 pulgadas', 'Pantalla'),
(379, 10629, 'Sony', 'Bravia B29', 'SERIE10629', 'Malo', 'Pantalla Sony Bravia de 32 pulgadas con piezas nuevas', 'Pantalla'),
(380, 10630, 'Dell', 'UltraSharp U30', 'SERIE10630', 'Bueno', 'Pantalla Dell UltraSharp de 24 pulgadas', 'Pantalla'),
(381, 10631, 'HP', 'EnvyE31', 'SERIE10631', 'Regular', 'Pantalla HP Envy de 27 pulgadas', 'Pantalla'),
(382, 10632, 'Acer', 'Predator P32', 'SERIE10632', 'Malo', 'Pantalla Acer Predator de 32 pulgadas con piezas nuevas', 'Pantalla'),
(383, 10633, 'Asus', 'ROG Strix R33', 'SERIE10633', 'Bueno', 'Pantalla Asus ROG Strix de 24 pulgadas', 'Pantalla'),
(384, 10634, 'BenQ', 'PD3200U', 'SERIE10634', 'Regular', 'Pantalla BenQ de 32 pulgadas en buen estado', 'Pantalla'),
(385, 10635, 'Philips', 'Brilliance B35', 'SERIE10635', 'Malo', 'Pantalla Philips Brilliance de 27 pulgadas con piezas nuevas', 'Pantalla'),
(386, 10636, 'Samsung', 'UltraWide U36', 'SERIE10636', 'Bueno', 'Pantalla Samsung UltraWide de 34 pulgadas', 'Pantalla'),
(387, 10637, 'LG', 'OLED X37', 'SERIE10637', 'Regular', 'Pantalla LG OLED de 27 pulgadas', 'Pantalla'),
(388, 10638, 'Sony', 'Bravia B38', 'SERIE10638', 'Malo', 'Pantalla Sony Bravia de 32 pulgadas con piezas nuevas', 'Pantalla'),
(389, 10639, 'Dell', 'UltraSharp U39', 'SERIE10639', 'Bueno', 'Pantalla Dell UltraSharp de 24 pulgadas', 'Pantalla'),
(390, 10640, 'HP', 'Envy E40', 'SERIE10640', 'Regular', 'Pantalla HP Envy de 27 pulgadas', 'Pantalla'),
(391, 10641, 'Acer', 'Predator P41', 'SERIE10641', 'Malo', 'Pantalla Acer Predator de 32 pulgadas con piezas nuevas', 'Pantalla'),
(392, 10642, 'Asus', 'ROG Strix R42', 'SERIE10642', 'Bueno', 'Pantalla Asus ROG Strix de 24 pulgadas', 'Pantalla'),
(393, 10643, 'BenQ', 'PD3200U', 'SERIE10643', 'Regular', 'Pantalla BenQ de 32 pulgadas en buen estado', 'Pantalla'),
(394, 10644, 'Philips', 'Brilliance B44', 'SERIE10644', 'Malo', 'Pantalla Philips Brilliance de 27 pulgadas con piezas nuevas', 'Pantalla'),
(395, 10645, 'Samsung', 'UltraWide U45', 'SERIE10645', 'Bueno', 'Pantalla Samsung UltraWide de 34 pulgadas', 'Pantalla'),
(396, 10646, 'LG', 'OLED X46', 'SERIE10646', 'Regular', 'Pantalla LG OLED de 27 pulgadas', 'Pantalla'),
(397, 10647, 'Sony', 'Bravia B47', 'SERIE10647', 'Malo', 'Pantalla Sony Bravia de 32 pulgadas con piezas nuevas', 'Pantalla'),
(398, 10648, 'Dell', 'UltraSharp U48', 'SERIE10648', 'Bueno', 'Pantalla Dell UltraSharp de 24 pulgadas', 'Pantalla'),
(399, 10649, 'HP', 'Envy E49', 'SERIE10649', 'Regular', 'Pantalla HP Envy de 27 pulgadas', 'Pantalla');


-- Insertar datos en la tabla pantalla
INSERT INTO pantalla (id, empleado_empleado_id, tamanio)
VALUES
(350, 1, 34),
(351, 2, 27),
(352, 3, 32),
(353, 4, 24),
(354, 5, 27),
(355, 1, 32),
(356, 2, 24),
(357, 3, 32),
(358, 4, 27),
(359, 5, 34),
(360, 1, 27),
(361, 2, 32),
(362, 3, 24),
(363, 4, 27),
(364, 5, 32),
(365, 1, 24),
(366, 2, 32),
(367, 3, 27),
(368, 4, 34),
(369, 5, 27),
(370, 1, 32),
(371, 2, 24),
(372, 3, 27),
(373, 4, 32),
(374, 5, 24),
(375, 1, 32),
(376, 2, 27),
(377, 3, 34),
(378, 4, 27),
(379, 5, 32),
(380, 1, 24),
(381, 2, 27),
(382, 3, 32),
(383, 4, 24),
(384, 5, 32),
(385, 1, 27),
(386, 2, 34),
(387, 3, 27),
(388, 4, 32),
(389, 5, 24),
(390, 1, 27),
(391, 2, 32),
(392, 3, 24),
(393, 4, 32),
(394, 5, 27),
(395, 1, 34),
(396, 2, 27),
(397, 3, 32),
(398, 4, 24),
(399, 5, 27);


INSERT INTO dispositivo (id, folio, marca, modelo, serie, estado, descripcion, tipo_dispositivo)
VALUES
(400, 10700, 'Sony', 'Walkman 1', 'SERIE10700', 'Bueno', 'Radio Sony Walkman clásico', 'Radio'),
(401, 10701, 'Panasonic', 'RF-2200', 'SERIE10701', 'Regular', 'Radio Panasonic RF-2200 de onda corta', 'Radio'),
(402, 10702, 'Philips', 'AE6790', 'SERIE10702', 'Malo', 'Radio Philips AE6790 portátil', 'Radio'),
(403, 10703, 'Grundig', 'Satellit 750', 'SERIE10703', 'Bueno', 'Radio Grundig Satellit 750 de alta gama', 'Radio'),
(404, 10704, 'Sony', 'ICF-7600D', 'SERIE10704', 'Regular', 'Radio Sony ICF-7600D con sintonizador digital', 'Radio'),
(405, 10705, 'Panasonic', 'RF-2400', 'SERIE10705', 'Bueno', 'Radio Panasonic RF-2400 de gran alcance', 'Radio'),
(406, 10706, 'Philips', 'AE5020', 'SERIE10706', 'Malo', 'Radio Philips AE5020 resistente al agua', 'Radio'),
(407, 10707, 'Grundig', 'G8', 'SERIE10707', 'Bueno', 'Radio Grundig G8 de bolsillo', 'Radio'),
(408, 10708, 'Sony', 'ICF-SW7600GR', 'SERIE10708', 'Regular', 'Radio Sony ICF-SW7600GR de onda corta', 'Radio'),
(409, 10709, 'Panasonic', 'RF-P50', 'SERIE10709', 'Bueno', 'Radio Panasonic RF-P50 compacta', 'Radio'),
(410, 10710, 'Philips', 'AE2160', 'SERIE10710', 'Malo', 'Radio Philips AE2160 con alarma', 'Radio'),
(411, 10711, 'Grundig', 'Music Boy 50', 'SERIE10711', 'Bueno', 'Radio Grundig Music Boy 50 portátil', 'Radio'),
(412, 10712, 'Sony', 'ICF-6800W', 'SERIE10712', 'Regular', 'Radio Sony ICF-6800W de colección', 'Radio'),
(413, 10713, 'Panasonic', 'RF-3500', 'SERIE10713', 'Bueno', 'Radio Panasonic RF-3500 de alto rendimiento', 'Radio'),
(414, 10714, 'Philips', 'AE1530', 'SERIE10714', 'Malo', 'Radio Philips AE1530 con temporizador', 'Radio'),
(415, 10715, 'Grundig', 'G3', 'SERIE10715', 'Bueno', 'Radio Grundig G3 con receptor de banda lateral única', 'Radio'),
(416, 10716, 'Sony', 'ICF-7800', 'SERIE10716', 'Regular', 'Radio Sony ICF-7800 con altavoz integrado', 'Radio'),
(417, 10717, 'Panasonic', 'RF-562D', 'SERIE10717', 'Bueno', 'Radio Panasonic RF-562D con receptor AM/FM', 'Radio'),
(418, 10718, 'Philips', 'AE6520', 'SERIE10718', 'Malo', 'Radio Philips AE6520 con ecualizador digital', 'Radio'),
(419, 10719, 'Grundig', 'Music Boy 1100', 'SERIE10719', 'Bueno', 'Radio Grundig Music Boy 1100 con control de tono', 'Radio'),
(420, 10720, 'Sony', 'ICF-PRO80', 'SERIE10720', 'Regular', 'Radio Sony ICF-PRO80 de alta fidelidad', 'Radio'),
(421, 10721, 'Panasonic', 'RF-640', 'SERIE10721', 'Bueno', 'Radio Panasonic RF-640 con control de tono', 'Radio'),
(422, 10722, 'Philips', 'AE1330', 'SERIE10722', 'Malo', 'Radio Philips AE1330 con pantalla LED', 'Radio'),
(423, 10723, 'Grundig', 'S350DL', 'SERIE10723', 'Bueno', 'Radio Grundig S350DL con antena externa', 'Radio'),
(424, 10724, 'Sony', 'ICF-2001D', 'SERIE10724', 'Regular', 'Radio Sony ICF-2001D de alta sensibilidad', 'Radio'),
(425, 10725, 'Panasonic', 'RF-1150', 'SERIE10725', 'Bueno', 'Radio Panasonic RF-1150 de gran alcance', 'Radio'),
(426, 10726, 'Philips', 'AE5020', 'SERIE10726', 'Malo', 'Radio Philips AE5020 con temporizador de apagado', 'Radio'),
(427, 10727, 'Grundig', 'G2000A', 'SERIE10727', 'Bueno', 'Radio Grundig G2000A con altavoz de alta calidad', 'Radio'),
(428, 10728, 'Sony', 'ICF-EX5MKII', 'SERIE10728', 'Regular', 'Radio Sony ICF-EX5MKII con sintonizador PLL', 'Radio'),
(429, 10729, 'Panasonic', 'RF-1410', 'SERIE10729', 'Bueno', 'Radio Panasonic RF-1410 de diseño retro', 'Radio'),
(430, 10730, 'Philips', 'AE8000', 'SERIE10730', 'Malo', 'Radio Philips AE8000 con conector para auriculares', 'Radio'),
(431, 10731, 'Grundig', 'Satellit 2000', 'SERIE10731', 'Bueno', 'Radio Grundig Satellit 2000 con control de ganancia', 'Radio'),
(432, 10732, 'Sony', 'ICF-6800W', 'SERIE10732', 'Regular', 'Radio Sony ICF-6800W con sintonizador de banda ancha', 'Radio');


-- Continuación de la inserción de dispositivos de tipo Radio
INSERT INTO radio (id, empleado_empleado_id, antena, carcasa, pila)
VALUES
(400, 1, 'Bueno', 'Bueno', 'Bueno'),
(401, 2, 'Regular', 'Regular', 'Malo'),
(402, 3, 'Malo', 'Bueno', 'Bueno'),
(403, 4, 'Bueno', 'Regular', 'Regular'),
(404, 5, 'Regular', 'Malo', 'Bueno'),
(405, 1, 'Bueno', 'Bueno', 'Malo'),
(406, 2, 'Regular', 'Regular', 'Bueno'),
(407, 3, 'Malo', 'Bueno', 'Regular'),
(408, 4, 'Bueno', 'Regular', 'Malo'),
(409, 5, 'Regular', 'Malo', 'Bueno'),
(410, 1, 'Bueno', 'Bueno', 'Regular'),
(411, 2, 'Regular', 'Regular', 'Malo'),
(412, 3, 'Malo', 'Bueno', 'Bueno'),
(413, 4, 'Bueno', 'Regular', 'Regular'),
(414, 5, 'Regular', 'Malo', 'Bueno'),
(415, 1, 'Bueno', 'Bueno', 'Malo'),
(416, 2, 'Regular', 'Regular', 'Bueno'),
(417, 3, 'Malo', 'Bueno', 'Regular'),
(418, 4, 'Bueno', 'Regular', 'Malo'),
(419, 5, 'Regular', 'Malo', 'Bueno'),
(420, 1, 'Bueno', 'Bueno', 'Regular'),
(421, 2, 'Regular', 'Regular', 'Malo'),
(422, 3, 'Malo', 'Bueno', 'Bueno'),
(423, 4, 'Bueno', 'Regular', 'Regular'),
(424, 5, 'Regular', 'Malo', 'Bueno'),
(425, 1, 'Bueno', 'Bueno', 'Malo'),
(426, 2, 'Regular', 'Regular', 'Bueno'),
(427, 3, 'Malo', 'Bueno', 'Regular'),
(428, 4, 'Bueno', 'Regular', 'Malo'),
(429, 5, 'Regular', 'Malo', 'Bueno'),
(430, 1, 'Bueno', 'Bueno', 'Regular'),
(431, 2, 'Regular', 'Regular', 'Malo'),
(432, 3, 'Malo', 'Bueno', 'Bueno');


INSERT INTO dispositivo (id, folio, marca, modelo, serie, estado, descripcion, tipo_dispositivo)
VALUES
(450, 10750, 'Siemens', 'Gigaset A170', 'SERIE10750', 'Bueno', 'Teléfono Siemens Gigaset A170', 'Teléfono'),
(451, 10751, 'Panasonic', 'KX-TS500', 'SERIE10751', 'Regular', 'Teléfono Panasonic KX-TS500', 'Teléfono'),
(452, 10752, 'Cisco', 'SPA504G', 'SERIE10752', 'Malo', 'Teléfono Cisco SPA504G VoIP', 'Teléfono'),
(453, 10753, 'Grandstream', 'GXP1610', 'SERIE10753', 'Bueno', 'Teléfono Grandstream GXP1610 IP', 'Teléfono'),
(454, 10754, 'Yealink', 'W52P', 'SERIE10754', 'Regular', 'Teléfono Yealink W52P DECT', 'Teléfono'),
(455, 10755, 'Polycom', 'VVX 201', 'SERIE10755', 'Bueno', 'Teléfono Polycom VVX 201 VoIP', 'Teléfono'),
(456, 10756, 'Avaya', '9608G', 'SERIE10756', 'Malo', 'Teléfono Avaya 9608G IP', 'Teléfono'),
(457, 10757, 'Aastra', '6731i', 'SERIE10757', 'Bueno', 'Teléfono Aastra 6731i SIP', 'Teléfono'),
(458, 10758, 'Snom', 'D717', 'SERIE10758', 'Regular', 'Teléfono Snom D717 VoIP', 'Teléfono'),
(459, 10759, 'Cisco', 'SPA303', 'SERIE10759', 'Bueno', 'Teléfono Cisco SPA303 VoIP', 'Teléfono'),
(460, 10760, 'Siemens', 'Gigaset A170', 'SERIE10760', 'Regular', 'Teléfono Siemens Gigaset A170', 'Teléfono'),
(461, 10761, 'Panasonic', 'KX-TS500', 'SERIE10761', 'Malo', 'Teléfono Panasonic KX-TS500', 'Teléfono'),
(462, 10762, 'Cisco', 'SPA504G', 'SERIE10762', 'Bueno', 'Teléfono Cisco SPA504G VoIP', 'Teléfono'),
(463, 10763, 'Grandstream', 'GXP1610', 'SERIE10763', 'Regular', 'Teléfono Grandstream GXP1610 IP', 'Teléfono'),
(464, 10764, 'Yealink', 'W52P', 'SERIE10764', 'Malo', 'Teléfono Yealink W52P DECT', 'Teléfono'),
(465, 10765, 'Polycom', 'VVX 201', 'SERIE10765', 'Bueno', 'Teléfono Polycom VVX 201 VoIP', 'Teléfono'),
(466, 10766, 'Avaya', '9608G', 'SERIE10766', 'Regular', 'Teléfono Avaya 9608G IP', 'Teléfono'),
(467, 10767, 'Aastra', '6731i', 'SERIE10767', 'Malo', 'Teléfono Aastra 6731i SIP', 'Teléfono'),
(468, 10768, 'Snom', 'D717', 'SERIE10768', 'Bueno', 'Teléfono Snom D717 VoIP', 'Teléfono'),
(469, 10769, 'Cisco', 'SPA303', 'SERIE10769', 'Regular', 'Teléfono Cisco SPA303 VoIP', 'Teléfono'),
(470, 10770, 'Siemens', 'Gigaset A170', 'SERIE10770', 'Malo', 'Teléfono Siemens Gigaset A170', 'Teléfono'),
(471, 10771, 'Panasonic', 'KX-TS500', 'SERIE10771', 'Bueno', 'Teléfono Panasonic KX-TS500', 'Teléfono'),
(472, 10772, 'Cisco', 'SPA504G', 'SERIE10772', 'Regular', 'Teléfono Cisco SPA504G VoIP', 'Teléfono'),
(473, 10773, 'Grandstream', 'GXP1610', 'SERIE10773', 'Malo', 'Teléfono Grandstream GXP1610 IP', 'Teléfono'),
(474, 10774, 'Yealink', 'W52P', 'SERIE10774', 'Bueno', 'Teléfono Yealink W52P DECT', 'Teléfono'),
(475, 10775, 'Polycom', 'VVX 201', 'SERIE10775', 'Regular', 'Teléfono Polycom VVX 201 VoIP', 'Teléfono'),
(476, 10776, 'Avaya', '9608G', 'SERIE10776', 'Malo', 'Teléfono Avaya 9608G IP', 'Teléfono'),
(477, 10777, 'Aastra', '6731i', 'SERIE10777', 'Bueno', 'Teléfono Aastra 6731i SIP', 'Teléfono'),
(478, 10778, 'Snom', 'D717', 'SERIE10778', 'Regular', 'Teléfono Snom D717 VoIP', 'Teléfono'),
(479, 10779, 'Cisco', 'SPA303', 'SERIE10779', 'Malo', 'Teléfono Cisco SPA303 VoIP', 'Teléfono'),
(480, 10780, 'Siemens', 'Gigaset A170', 'SERIE10780', 'Bueno', 'Teléfono Siemens Gigaset A170', 'Teléfono'),
(481, 10781, 'Panasonic', 'KX-TS500', 'SERIE10781', 'Regular', 'Teléfono Panasonic KX-TS500', 'Teléfono'),
(482, 10782, 'Cisco', 'SPA504G', 'SERIE10782', 'Malo', 'Teléfono Cisco SPA504G VoIP', 'Teléfono'),
(483, 10783, 'Grandstream', 'GXP1610', 'SERIE10783', 'Bueno', 'Teléfono Grandstream GXP1610 IP', 'Teléfono'),
(484, 10784, 'Yealink', 'W52P', 'SERIE10784', 'Regular', 'Teléfono Yealink W52P DECT', 'Teléfono');


-- Continuación de la inserción de dispositivos de tipo Teléfono
INSERT INTO telefono (id, empleado_empleado_id, tipo)
VALUES
(450, 1, 'Análogo'),
(451, 2, 'Digital'),
(452, 3, 'Análogo'),
(453, 4, 'Digital'),
(454, 5, 'Análogo'),
(455, 1, 'Digital'),
(456, 2, 'Análogo'),
(457, 3, 'Digital'),
(458, 4, 'Análogo'),
(459, 5, 'Digital'),
(460, 1, 'Análogo'),
(461, 2, 'Digital'),
(462, 3, 'Análogo'),
(463, 4, 'Digital'),
(464, 5, 'Análogo'),
(465, 1, 'Digital'),
(466, 2, 'Análogo'),
(467, 3, 'Digital'),
(468, 4, 'Análogo'),
(469, 5, 'Digital'),
(470, 1, 'Análogo'),
(471, 2, 'Digital'),
(472, 3, 'Análogo'),
(473, 4, 'Digital'),
(474, 5, 'Análogo'),
(475, 1, 'Digital'),
(476, 2, 'Análogo'),
(477, 3, 'Digital'),
(478, 4, 'Análogo'),
(479, 5, 'Digital'),
(480, 1, 'Análogo'),
(481, 2, 'Digital'),
(482, 3, 'Análogo'),
(483, 4, 'Digital'),
(484, 5, 'Análogo');


INSERT INTO dispositivo (id, folio, marca, modelo, serie, estado, descripcion, tipo_dispositivo)
VALUES
(1000, 10900, 'Samsung', 'QLED Q60T', 'SERIE10900', 'Bueno', 'Televisor Samsung QLED Q60T', 'TvHuesped'),
(1001, 10901, 'LG', 'OLED CX', 'SERIE10901', 'Regular', 'Televisor LG OLED CX', 'TvHuesped'),
(1002, 10902, 'Sony', 'Bravia X800H', 'SERIE10902', 'Malo', 'Televisor Sony Bravia X800H', 'TvHuesped'),
(1003, 10903, 'TCL', '6-Series', 'SERIE10903', 'Bueno', 'Televisor TCL 6-Series', 'TvHuesped'),
(1004, 10904, 'Hisense', 'H8G', 'SERIE10904', 'Regular', 'Televisor Hisense H8G', 'TvHuesped'),
(1005, 10905, 'Vizio', 'P-Series', 'SERIE10905', 'Malo', 'Televisor Vizio P-Series', 'TvHuesped'),
(1006, 10906, 'Philips', 'Ambilight 55OLED804', 'SERIE10906', 'Bueno', 'Televisor Philips Ambilight 55OLED804', 'TvHuesped'),
(1007, 10907, 'Panasonic', 'HZ1000', 'SERIE10907', 'Regular', 'Televisor Panasonic HZ1000', 'TvHuesped'),
(1008, 10908, 'Sharp', 'Aquos', 'SERIE10908', 'Malo', 'Televisor Sharp Aquos', 'TvHuesped'),
(1009, 10909, 'Toshiba', 'Fire TV Edition', 'SERIE10909', 'Bueno', 'Televisor Toshiba Fire TV Edition', 'TvHuesped');


INSERT INTO tv_huesped (id, tamanio)
VALUES
(1000, 55),
(1001, 65),
(1002, 75),
(1003, 55),
(1004, 65),
(1005, 75),
(1006, 55),
(1007, 65),
(1008, 75),
(1009, 55);



INSERT INTO dispositivo (id, folio, marca, modelo, serie, estado, descripcion, tipo_dispositivo)
VALUES
(2000, 12000, 'HP', 'Pavilion 15', 'SERIE11000', 'Bueno', 'Computadora HP Pavilion 15', 'Computadora'),
(2001, 12001, 'Dell', 'XPS 13', 'SERIE11001', 'Regular', 'Computadora Dell XPS 13', 'Computadora'),
(2002, 12002, 'Lenovo', 'ThinkPad X1', 'SERIE11002', 'Malo', 'Computadora Lenovo ThinkPad X1', 'Computadora'),
(2003, 12003, 'Apple', 'MacBook Pro', 'SERIE11003', 'Bueno', 'Computadora Apple MacBook Pro', 'Computadora'),
(2004, 12004, 'Asus', 'ZenBook 14', 'SERIE11004', 'Regular', 'Computadora Asus ZenBook 14', 'Computadora'),
(2005, 12005, 'Acer', 'Aspire 5', 'SERIE11005', 'Malo', 'Computadora Acer Aspire 5', 'Computadora'),
(2006, 12006, 'Microsoft', 'Surface Laptop 3', 'SERIE11006', 'Bueno', 'Computadora Microsoft Surface Laptop 3', 'Computadora'),
(2007, 12007, 'Razer', 'Blade Stealth', 'SERIE11007', 'Regular', 'Computadora Razer Blade Stealth', 'Computadora'),
(2008, 12008, 'MSI', 'Prestige 14', 'SERIE11008', 'Malo', 'Computadora MSI Prestige 14', 'Computadora'),
(2009, 12009, 'Samsung', 'Galaxy Book Flex', 'SERIE11009', 'Bueno', 'Computadora Samsung Galaxy Book Flex', 'Computadora'),
(2010, 12010, 'HP', 'Spectre x360', 'SERIE11010', 'Bueno', 'Computadora HP Spectre x360', 'Computadora'),
(2011, 12011, 'Dell', 'Inspiron 15', 'SERIE11011', 'Regular', 'Computadora Dell Inspiron 15', 'Computadora'),
(2012, 12012, 'Lenovo', 'Yoga C940', 'SERIE11012', 'Malo', 'Computadora Lenovo Yoga C940', 'Computadora'),
(2013, 12013, 'Apple', 'MacBook Air', 'SERIE11013', 'Bueno', 'Computadora Apple MacBook Air', 'Computadora'),
(2014, 12014, 'Asus', 'ROG Zephyrus G14', 'SERIE11014', 'Regular', 'Computadora Asus ROG Zephyrus G14', 'Computadora'),
(2015, 12015, 'Acer', 'Swift 3', 'SERIE11015', 'Malo', 'Computadora Acer Swift 3', 'Computadora'),
(2016, 12016, 'Microsoft', 'Surface Pro 7', 'SERIE11016', 'Bueno', 'Computadora Microsoft Surface Pro 7', 'Computadora'),
(2017, 12017, 'Razer', 'Blade 15', 'SERIE11017', 'Regular', 'Computadora Razer Blade 15', 'Computadora'),
(2018, 12018, 'MSI', 'GF63 Thin', 'SERIE11018', 'Malo', 'Computadora MSI GF63 Thin', 'Computadora'),
(2019, 12019, 'Samsung', 'Notebook 9 Pro', 'SERIE11019', 'Bueno', 'Computadora Samsung Notebook 9 Pro', 'Computadora'),
(2020, 12020, 'HP', 'Envy 13', 'SERIE11020', 'Bueno', 'Computadora HP Envy 13', 'Computadora'),
(2021, 12021, 'Dell', 'G5 15', 'SERIE11021', 'Regular', 'Computadora Dell G5 15', 'Computadora'),
(2022, 12022, 'Lenovo', 'Legion Y540', 'SERIE11022', 'Malo', 'Computadora Lenovo Legion Y540', 'Computadora'),
(2023, 12023, 'Apple', 'iMac', 'SERIE11023', 'Bueno', 'Computadora Apple iMac', 'Computadora'),
(2024, 12024, 'Asus', 'VivoBook S15', 'SERIE11024', 'Regular', 'Computadora Asus VivoBook S15', 'Computadora'),
(2025, 12025, 'Acer', 'Nitro 5', 'SERIE11025', 'Malo', 'Computadora Acer Nitro 5', 'Computadora'),
(2026, 12026, 'Microsoft', 'Surface Book 3', 'SERIE11026', 'Bueno', 'Computadora Microsoft Surface Book 3', 'Computadora'),
(2027, 12027, 'Razer', 'Blade Pro 17', 'SERIE11027', 'Regular', 'Computadora Razer Blade Pro 17', 'Computadora'),
(2028, 12028, 'MSI', 'Modern 14', 'SERIE11028', 'Malo', 'Computadora MSI Modern 14', 'Computadora'),
(2029, 12029, 'Samsung', 'Galaxy Book Ion', 'SERIE11029', 'Bueno', 'Computadora Samsung Galaxy Book Ion', 'Computadora'),
(2030, 12030, 'HP', 'Omen 15', 'SERIE11030', 'Bueno', 'Computadora HP Omen 15', 'Computadora'),
(2031, 12031, 'Dell', 'Latitude 7400', 'SERIE11031', 'Regular', 'Computadora Dell Latitude 7400', 'Computadora'),
(2032, 12032, 'Lenovo', 'IdeaPad S340', 'SERIE11032', 'Malo', 'Computadora Lenovo IdeaPad S340', 'Computadora'),
(2033, 12033, 'Apple', 'Mac Mini', 'SERIE11033', 'Bueno', 'Computadora Apple Mac Mini', 'Computadora'),
(2034, 12034, 'Asus', 'ProArt StudioBook', 'SERIE11034', 'Regular', 'Computadora Asus ProArt StudioBook', 'Computadora'),
(2035, 12035, 'Acer', 'Chromebook Spin 13', 'SERIE11035', 'Malo', 'Computadora Acer Chromebook Spin 13', 'Computadora'),
(2036, 12036, 'Microsoft', 'Surface Go 2', 'SERIE11036', 'Bueno', 'Computadora Microsoft Surface Go 2', 'Computadora'),
(2037, 12037, 'Razer', 'Blade 13', 'SERIE11037', 'Regular', 'Computadora Razer Blade 13', 'Computadora'),
(2038, 12038, 'MSI', 'Alpha 15', 'SERIE11038', 'Malo', 'Computadora MSI Alpha 15', 'Computadora'),
(2039, 12039, 'Samsung', 'Galaxy Chromebook', 'SERIE11039', 'Bueno', 'Computadora Samsung Galaxy Chromebook', 'Computadora'),
(2040, 12040, 'HP', 'Elite Dragonfly', 'SERIE11040', 'Bueno', 'Computadora HP Elite Dragonfly', 'Computadora'),
(2041, 12041, 'Dell', 'Precision 5540', 'SERIE11041', 'Regular', 'Computadora Dell Precision 5540', 'Computadora'),
(2042, 12042, 'Lenovo', 'Flex 5', 'SERIE11042', 'Malo', 'Computadora Lenovo Flex 5', 'Computadora'),
(2043, 12043, 'Apple', 'Mac Pro', 'SERIE11043', 'Bueno', 'Computadora Apple Mac Pro', 'Computadora'),
(2044, 12044, 'Asus', 'ExpertBook B9', 'SERIE11044', 'Regular', 'Computadora Asus ExpertBook B9', 'Computadora'),
(2045, 12045, 'Acer', 'Enduro N3', 'SERIE11045', 'Malo', 'Computadora Acer Enduro N3', 'Computadora');


INSERT INTO computadora (id, capacidad_disco, nombre, tipo, procesador, ram, tecnologia_ram_id, tecnologia_almacenamiento_id, empleado_empleado_id, antivirus_id, office_id, os_id)
VALUES
(2000, 256, 'HP Pavilion 15', 'Laptop', 'Intel i5', 8, 1, 1, 1, 1, 1, 1),
(2001, 512, 'Dell XPS 13', 'Laptop', 'Intel i7', 16, 2, 2, 2, 2, 2, 2),
(2002, 256, 'Lenovo ThinkPad X1', 'Laptop', 'Intel i5', 8, 1, 1, 1, 1, 1, 1),
(2003, 512, 'Apple MacBook Pro', 'Laptop', 'Apple M1', 16, 2, 2, 2, 2, 2, 2),
(2004, 512, 'Asus ZenBook 14', 'Laptop', 'AMD Ryzen 5', 8, 1, 1, 1, 1, 1, 1),
(2005, 256, 'Acer Aspire 5', 'Laptop', 'Intel i3', 4, 1, 1, 1, 1, 1, 1),
(2006, 256, 'Microsoft Surface Laptop 3', 'Laptop', 'Intel i5', 8, 1, 1, 1, 1, 1, 1),
(2007, 256, 'Razer Blade Stealth', 'Laptop', 'Intel i7', 16, 2, 2, 2, 2, 2, 2),
(2008, 512, 'MSI Prestige 14', 'Laptop', 'Intel i5', 8, 1, 1, 1, 1, 1, 1),
(2009, 256, 'Samsung Galaxy Book Flex', 'Laptop', 'Intel i5', 8, 1, 1, 1, 1, 1, 1),
(2010, 512, 'HP Spectre x360', 'Laptop', 'Intel i7', 16, 2, 2, 2, 2, 2, 2),
(2011, 256, 'Dell Inspiron 15', 'Laptop', 'Intel i3', 4, 1, 1, 1, 1, 1, 1),
(2012, 512, 'Lenovo Yoga C940', 'Laptop', 'Intel i7', 16, 2, 2, 2, 2, 2, 2),
(2013, 256, 'Apple MacBook Air', 'Laptop', 'Apple M1', 8, 1, 1, 1, 1, 1, 1),
(2014, 512, 'Asus ROG Zephyrus G14', 'Laptop', 'AMD Ryzen 9', 16, 2, 2, 2, 2, 2, 2),
(2015, 256, 'Acer Swift 3', 'Laptop', 'Intel i5', 8, 1, 1, 1, 1, 1, 1),
(2016, 256, 'Microsoft Surface Pro 7', 'Laptop', 'Intel i3', 4, 1, 1, 1, 1, 1, 1),
(2017, 512, 'Razer Blade 15', 'Laptop', 'Intel i7', 16, 2, 2, 2, 2, 2, 2),
(2018, 256, 'MSI GF63 Thin', 'Laptop', 'Intel i5', 8, 1, 1, 1, 1, 1, 1),
(2019, 256, 'Samsung Notebook 9 Pro', 'Laptop', 'Intel i7', 16, 2, 2, 2, 2, 2, 2),
(2020, 512, 'HP Envy 13', 'Laptop', 'Intel i5', 8, 1, 1, 1, 1, 1, 1),
(2021, 256, 'Dell G5 15', 'Laptop', 'Intel i5', 8, 1, 1, 1, 1, 1, 1),
(2022, 512, 'Lenovo Legion Y540', 'Laptop', 'Intel i7', 16, 2, 2, 2, 2, 2, 2),
(2023, 1024, 'Apple iMac', 'Escritorio', 'Apple M1', 16, 2, 2, 2, 2, 2, 2),
(2024, 256, 'Asus VivoBook S15', 'Laptop', 'Intel i5', 8, 1, 1, 1, 1, 1, 1),
(2025, 512, 'Acer Nitro 5', 'Laptop', 'AMD Ryzen 5', 16, 2, 2, 2, 2, 2, 2),
(2026, 256, 'Microsoft Surface Book 3', 'Laptop', 'Intel i5', 8, 1, 1, 1, 1, 1, 1),
(2027, 512, 'Razer Blade Pro 17', 'Laptop', 'Intel i7', 16, 2, 2, 2, 2, 2, 2),
(2028, 256, 'MSI Modern 14', 'Laptop', 'Intel i5', 8, 1, 1, 1, 1, 1, 1),
(2029, 256, 'Samsung Galaxy Book Ion', 'Laptop', 'Intel i5', 8, 1, 1, 1, 1, 1, 1),
(2030, 512, 'HP Omen 15', 'Laptop', 'Intel i7', 16, 2, 2, 2, 2, 2, 2),
(2031, 256, 'Dell Latitude 7400', 'Laptop', 'Intel i5', 8, 1, 1, 1, 1, 1, 1),
(2032, 512, 'Lenovo IdeaPad S340', 'Laptop', 'AMD Ryzen 7', 16, 2, 2, 2, 2, 2, 2),
(2033, 512, 'Apple Mac Mini', 'Escritorio', 'Apple M1', 16, 2, 2, 2, 2, 2, 2),
(2034, 256, 'Asus ProArt StudioBook', 'Laptop', 'Intel i7', 16, 2, 2, 2, 2, 2, 2),
(2035, 512, 'Acer Chromebook Spin 13', 'Laptop', 'Intel i5', 8, 1, 1, 1, 1, 1, 1),
(2036, 256, 'Microsoft Surface Go 2', 'Laptop', 'Intel i5', 8, 1, 1, 1, 1, 1, 1),
(2037, 256, 'Razer Blade 13', 'Laptop', 'Intel i7', 16, 2, 2, 2, 2, 2, 2),
(2038, 512, 'MSI Alpha 15', 'Laptop', 'AMD Ryzen 7', 16, 2, 2, 2, 2, 2, 2),
(2039, 256, 'Samsung Galaxy Chromebook', 'Laptop', 'Intel i5', 8, 1, 1, 1, 1, 1, 1),
(2040, 512, 'HP Elite Dragonfly', 'Laptop', 'Intel i7', 16, 2, 2, 2, 2, 2, 2),
(2041, 256, 'Dell Precision 5540', 'Laptop', 'Intel i7', 16, 2, 2, 2, 2, 2, 2),
(2042, 512, 'Lenovo Flex 5', 'Laptop', 'AMD Ryzen 5', 8, 1, 1, 1, 1, 1, 1),
(2043, 1024, 'Apple Mac Pro', 'Todo en uno', 'Intel Xeon', 32, 2, 2, 2, 2, 2, 2),
(2044, 256, 'Asus ExpertBook B9', 'Laptop', 'Intel i5', 8, 1, 1, 1, 1, 1, 1),
(2045, 512, 'Acer ConceptD 7', 'Laptop', 'Intel i7', 16, 2, 2, 2, 2, 2, 2);

